gene_id,baseMean,log2FoldChange,lfcSE,stat,pvalue,padj,category,neg_log10_padj,gene_id_base,gene_symbol
ENSG00000288422.1,33.6698586659032,8.45131437296918,1.26988186080632,6.65519733276841,2.8292020094824e-11,5.2648620194458e-07,Upregulated,6.2786130062408,ENSG00000288422,ARHGEF35
ENSG00000276072.2,24.9315992931504,8.02447318816195,1.30369691089411,6.15516775494894,7.49980664487582e-10,6.9781950927247e-06,Upregulated,5.15625689294044,ENSG00000276072,AATF
ENSG00000235754.7,19.746434248613,-5.13366421447581,0.912588127042857,-5.62539009915776,1.85089215606742e-08,0.0001148108404408,Downregulated,3.9400171039121,ENSG00000235754,APOM
ENSG00000281915.2,16.9137089984899,-7.58598302920391,1.4373478374233,-5.27776424863388,1.30769551575621e-07,0.0006083726463176,Downregulated,3.21583032095098,ENSG00000281915,MUC20-OT1
ENSG00000241296.8,15.6540704136997,7.33362784705773,1.42074359321971,5.16182362676586,2.44555653281316e-07,0.0006572410873047,Upregulated,3.18227529454925,ENSG00000241296,HLA-DMB
ENSG00000226704.6,13.4333649680281,7.12874875867214,1.40712599431511,5.066176580827,4.05885431004324e-07,0.0009441402481949,Upregulated,3.02496348823049,ENSG00000226704,HSPA1L
ENSG00000171680.24,41.7173960231077,1.96372941755484,0.40285777597517,4.87449798580003,1.09085498435457e-06,0.0021284405342317,Upregulated,2.67193847892156,ENSG00000171680,PLEKHG5
ENSG00000204444.11,17.3863728344767,3.21830022756598,0.720465854646173,4.46697120593802,7.93348030684911e-06,0.0113564719253965,Upregulated,1.94475656838843,ENSG00000204444,APOM
ENSG00000288859.2,37.3009268411169,-1.89050822620595,0.46140202746649,-4.09731235163083,4.17974744619165e-05,0.0338177914026871,Downregulated,1.47085475903711,ENSG00000288859,H2AC19
