"","sample1","sample2","sample3","sample4","sample5","sample6"
"ARHGEF35 | ENSG00000288422.1",1.22995623109018,0.946376720809474,0.483342851531524,-0.886558601143717,-0.886558601143717,-0.886558601143717
"AATF | ENSG00000276072.2",0.361793904524633,1.07883830114659,1.1857295098129,-0.875453905161356,-0.875453905161356,-0.875453905161356
"APOM | ENSG00000235754.7",-1.08712622603154,-1.08712622603154,-0.486117701232362,1.05164541696657,0.799514882608285,0.809209853720584
"MUC20-OT1 | ENSG00000281915.2",-0.781421332674217,-0.781421332674217,-0.781421332674217,0.17608494278125,1.71124022229342,0.456938832947951
"HLA-DMB | ENSG00000241296.8",1.48365945019041,0.545618635595141,0.543238384973964,-0.857505490253149,-0.857505490253149,-0.857505490253149
"HSPA1L | ENSG00000226704.6",0.248893495296061,1.46099205482501,0.819312603918146,-0.843066051346389,-0.843066051346389,-0.843066051346389
"PLEKHG5 | ENSG00000171680.24",1.46019972159831,-0.171682642817642,0.996861162252765,-0.897590077330192,-0.888783442531675,-0.499004721171422
"APOM | ENSG00000204444.11",1.06290992693848,0.553213317435833,0.891270179380358,-0.576400471238462,-0.43014118049801,-1.50085177201829
"H2AC19 | ENSG00000288859.2",-1.00906239243599,-0.607008782517094,-0.809764574462362,1.50905724852192,0.0977512249297512,0.819027275963665
