sample,number_of_reads,total_bases,average_read_length,average_phred_quality,bases_below_q20_percent,gc_content_percent
SRR11884716_1,29389141,1498846191,51.0,38.09,1.75,50.15
SRR11884716_2,29389141,1498846191,51.0,37.66,2.81,50.61
SRR11884717_1,29396999,1499246949,51.0,38.08,1.75,50.09
SRR11884717_2,29396999,1499246949,51.0,37.6,2.95,50.51
SRR11884718_1,36338558,1853266458,51.0,38.1,1.74,50.08
SRR11884718_2,36338558,1853266458,51.0,37.09,4.12,50.46
SRR11884719_1,32684022,1666885122,51.0,38.1,1.75,50.33
SRR11884719_2,32684022,1666885122,51.0,37.43,3.37,50.77
SRR11884720_1,29086825,1483428075,51.0,38.09,1.75,50.09
SRR11884720_2,29086825,1483428075,51.0,37.59,2.96,50.57
SRR11884721_1,24515458,1250288358,51.0,38.1,1.74,50.19
SRR11884721_2,24515458,1250288358,51.0,37.72,2.71,50.56
