position,average_phred_quality
1,33.22
2,33.29
3,33.2
4,33.27
5,33.37
6,37.65
7,37.68
8,37.69
9,37.71
10,37.68
11,37.68
12,37.67
13,37.69
14,37.68
15,37.68
16,37.63
17,37.61
18,37.61
19,37.68
20,37.61
21,37.62
22,37.63
23,37.59
24,37.63
25,37.61
26,37.6
27,37.6
28,37.58
29,37.56
30,37.54
31,37.47
32,37.54
33,37.55
34,37.54
35,37.48
36,37.46
37,37.45
38,37.43
39,37.42
40,37.37
41,37.34
42,37.4
43,37.4
44,37.36
45,37.28
46,37.27
47,37.28
48,37.29
49,37.22
50,37.16
51,36.37
